account_id,customer_id,account_type,account_status,opening_date,balance,currency,updated_at
A001,C001,SAVINGS,ACTIVE,2025-01-12,125000.50,INR,2026-10-01 09:15:00
A002,C002,CURRENT,ACTIVE,2025-01-18,245000.00,INR,2026-10-01 09:20:00
A003,C003,SAVINGS,ACTIVE,2025-02-08,87500.75,INR,2026-10-01 09:25:00
A004,C004,CURRENT,ACTIVE,2025-02-15,320000.25,INR,2026-10-01 09:30:00
A005,C005,SAVINGS,ACTIVE,2025-03-05,156000.00,INR,2026-10-01 09:35:00
A006,C006,SAVINGS,ACTIVE,2025-03-18,98000.50,INR,2026-10-01 09:40:00
A007,C007,CURRENT,ACTIVE,2025-04-05,450000.00,INR,2026-10-01 09:45:00
A008,C008,SAVINGS,ACTIVE,2025-04-15,112500.75,INR,2026-10-01 09:50:00
A009,C009,CURRENT,ACTIVE,2025-05-10,275000.00,INR,2026-10-01 09:55:00
A010,C010,SAVINGS,ACTIVE,2025-05-20,189000.25,INR,2026-10-01 10:00:00