portfolio_id,customer_id,account_id,portfolio_name,portfolio_type,total_value,currency,valuation_date,updated_at
PF001,C001,A001,Retirement Portfolio,CONSERVATIVE,250000.00,INR,2026-10-01,2026-10-01 10:00:00
PF002,C002,A002,Growth Portfolio,GROWTH,450000.00,INR,2026-10-01,2026-10-01 10:05:00
PF003,C003,A003,Equity Portfolio,AGGRESSIVE,325000.00,INR,2026-10-01,2026-10-01 10:10:00
PF004,C004,A004,Home Investment,CONSERVATIVE,800000.00,INR,2026-10-01,2026-10-01 10:15:00
PF005,C005,A005,Balanced Portfolio,BALANCED,300000.00,INR,2026-10-02,2026-10-02 10:20:00
PF006,C006,A006,Loan Portfolio,CONSERVATIVE,420000.00,INR,2026-10-02,2026-10-02 10:25:00
PF007,C007,A007,Debt Portfolio,CONSERVATIVE,280000.00,INR,2026-10-02,2026-10-02 10:30:00
PF008,C008,A008,Equity Growth Portfolio,GROWTH,390000.00,INR,2026-10-03,2026-10-03 10:35:00
PF009,C009,A009,Credit Portfolio,BALANCED,275000.00,INR,2026-10-03,2026-10-03 10:40:00
PF010,C010,A010,Investment Portfolio,GROWTH,350000.00,INR,2026-10-03,2026-10-03 10:45:00