transaction_id,customer_id,account_id,product_id,transaction_date,transaction_type,quantity,price,amount,currency,status,updated_at
T001,C001,A001,P001,2026-10-01,BUY,10,1000.00,10000.00,INR,COMPLETED,2026-10-01 10:00:00
T002,C002,A002,P003,2026-10-01,BUY,1,50000.00,50000.00,INR,COMPLETED,2026-10-01 10:05:00
T003,C003,A003,P006,2026-10-01,BUY,20,2500.00,50000.00,INR,COMPLETED,2026-10-01 10:10:00
T004,C004,A004,P004,2026-10-01,BUY,1,750000.00,750000.00,INR,COMPLETED,2026-10-01 10:15:00
T005,C005,A005,P002,2026-10-02,DEPOSIT,5,10000.00,50000.00,INR,COMPLETED,2026-10-02 10:20:00
T006,C006,A006,P005,2026-10-02,BUY,1,400000.00,400000.00,INR,COMPLETED,2026-10-02 10:25:00
T007,C007,A007,P007,2026-10-02,BUY,15,2000.00,30000.00,INR,COMPLETED,2026-10-02 10:30:00
T008,C008,A008,P006,2026-10-03,BUY,12,3500.00,42000.00,INR,COMPLETED,2026-10-03 10:35:00
T009,C009,A009,P008,2026-10-03,PAYMENT,1,15000.00,15000.00,INR,COMPLETED,2026-10-03 10:40:00
T010,C010,A010,P001,2026-10-03,BUY,8,1500.00,12000.00,INR,COMPLETED,2026-10-03 10:45:00
T011,C001,A001,P002,2026-10-04,DEPOSIT,10,5000.00,50000.00,INR,COMPLETED,2026-10-04 11:00:00
T012,C002,A002,P003,2026-10-04,REPAYMENT,1,10000.00,10000.00,INR,COMPLETED,2026-10-04 11:05:00
T013,C003,A003,P006,2026-10-04,SELL,5,2800.00,14000.00,INR,COMPLETED,2026-10-04 11:10:00
T014,C004,A004,P004,2026-10-05,REPAYMENT,1,25000.00,25000.00,INR,COMPLETED,2026-10-05 11:15:00
T015,C005,A005,P002,2026-10-05,WITHDRAWAL,2,5000.00,10000.00,INR,COMPLETED,2026-10-05 11:20:00
T016,C006,A006,P005,2026-10-05,REPAYMENT,1,15000.00,15000.00,INR,COMPLETED,2026-10-05 11:25:00
T017,C007,A007,P007,2026-10-06,SELL,5,2200.00,11000.00,INR,COMPLETED,2026-10-06 09:00:00
T018,C008,A008,P006,2026-10-06,SELL,4,3600.00,14400.00,INR,COMPLETED,2026-10-06 09:05:00
T019,C009,A009,P008,PAYMENT,1,5000.00,5000.00,INR,COMPLETED,2026-10-06 09:10:00
T020,C010,A010,P001,2026-10-06,BUY,6,1600.00,9600.00,INR,COMPLETED,2026-10-06 09:15:00